{"m_DefineSymbols":[{"first":1,"second":"UNITY_POST_PROCESSING_STACK_V1"},{"first":7,"second":"UNITY_POST_PROCESSING_STACK_V1"},{"first":13,"second":"UNITY_POST_PROCESSING_STACK_V1"},{"first":19,"second":"UNITY_POST_PROCESSING_STACK_V1"},{"first":21,"second":"UNITY_POST_PROCESSING_STACK_V1"},{"first":25,"second":"UNITY_POST_PROCESSING_STACK_V1"},{"first":26,"second":"UNITY_POST_PROCESSING_STACK_V1"},{"first":27,"second":"UNITY_POST_PROCESSING_STACK_V1"},{"first":28,"second":"UNITY_POST_PROCESSING_STACK_V1"},{"first":29,"second":"UNITY_POST_PROCESSING_STACK_V1"}],"m_AllowUnsafeCode":false}